{"cameraMode":{"drawMode":0,"name":"Shaded","section":"Shading Mode"},"sceneLighting":false,"audioPlay":false,"sceneViewState":{"m_AlwaysRefresh":false,"showFog":true,"showSkybox":true,"showFlares":true,"showImageEffects":true,"showParticleSystems":true,"showVisualEffectGraphs":true,"m_FxEnabled":false},"in2DMode":false,"pivot":{"x":-104.80571746826172,"y":-78.25675964355469,"z":-131.46676635742188},"rotation":{"x":0.36433348059654238,"y":-0.30854955315589907,"z":0.12628372013568879,"w":0.8691422939300537},"size":143.82183837890626,"orthographic":false}